cap,CE,sep,Cath loading,conc1,conc2,conc3,conc4,conc5,conc6,conc7,conc8,smiles1,smiles2,smiles3,smiles4,smiles5,smiles6,smiles7,smiles8
84.20,94.28,2,56.48,2.040885569,9.139999217,6.075305137,11.15086435,4.079824342,15.33347476,7.666243277,44.51340335,[Li+].[Cl-]  ,[Li+].[N+](=O)([O-])[O-],[Li+].[B-]12(OC(=O)C(=O)O1)OC(=O)C(=O)O2  ,[Li+].C(F)(F)(F)S(=O)(=O)[N-]S(=O)(=O)C(F)(F)F,C1COCO1,CN1CCN(C1=O)C,C1COC(=O)O1,COCCOCCOCCOCCOC
85.55,95.70,2,56.26,2.174444522,4.207239161,10.428066,12.60483589,8.741564378,11.61068819,37.83503787,12.39812399,[Li+].[Cl-]  ,[Li+].[N+](=O)([O-])[O-],[Li+].[B-]12(OC(=O)C(=O)O1)OC(=O)C(=O)O2  ,[Li+].C(F)(F)(F)S(=O)(=O)[N-]S(=O)(=O)C(F)(F)F,C1COCO1,CN1CCN(C1=O)C,C1COC(=O)O1,COCCOCCOCCOCCOC
90.44,95.21,2,55.08,2.040885569,9.139999217,6.075305137,11.15086435,4.079824342,15.33347476,7.666243277,44.51340335,[Li+].[Cl-]  ,[Li+].[N+](=O)([O-])[O-],[Li+].[B-]12(OC(=O)C(=O)O1)OC(=O)C(=O)O2  ,[Li+].C(F)(F)(F)S(=O)(=O)[N-]S(=O)(=O)C(F)(F)F,C1COCO1,CN1CCN(C1=O)C,C1COC(=O)O1,COCCOCCOCCOCCOC
86.40,95.83,2,53.94,2.174444522,4.207239161,10.428066,12.60483589,8.741564378,11.61068819,37.83503787,12.39812399,[Li+].[Cl-]  ,[Li+].[N+](=O)([O-])[O-],[Li+].[B-]12(OC(=O)C(=O)O1)OC(=O)C(=O)O2  ,[Li+].C(F)(F)(F)S(=O)(=O)[N-]S(=O)(=O)C(F)(F)F,C1COCO1,CN1CCN(C1=O)C,C1COC(=O)O1,COCCOCCOCCOCCOC
109.83,73.29,2,52.52,14.00509496,1.045504123,4.004374886,2.7031166,35.34790324,5.541708897,11.95615772,25.39613958,[Li+].[Cl-]  ,[Li+].[N+](=O)([O-])[O-],[Li+].[B-]12(OC(=O)C(=O)O1)OC(=O)C(=O)O2  ,[Li+].C(F)(F)(F)S(=O)(=O)[N-]S(=O)(=O)C(F)(F)F,C1COCO1,CN1CCN(C1=O)C,C1COC(=O)O1,COCCOCCOCCOCCOC
105.27,92.49,2,52.29,0.985242649,2.004821232,4.972315853,5.982150286,4.966654417,54.6815922,20.3142105,6.093012867,[Li+].[Cl-]  ,[Li+].[N+](=O)([O-])[O-],[Li+].[B-]12(OC(=O)C(=O)O1)OC(=O)C(=O)O2  ,[Li+].C(F)(F)(F)S(=O)(=O)[N-]S(=O)(=O)C(F)(F)F,C1COCO1,CN1CCN(C1=O)C,C1COC(=O)O1,COCCOCCOCCOCCOC
158.27,57.69,2,51.56,13.56644463,2.085321376,1.978407755,2.504073824,0,22.16735279,35.94450395,21.75389568,[Li+].[Cl-]  ,[Li+].[N+](=O)([O-])[O-],[Li+].[B-]12(OC(=O)C(=O)O1)OC(=O)C(=O)O2  ,[Li+].C(F)(F)(F)S(=O)(=O)[N-]S(=O)(=O)C(F)(F)F,C1COCO1,CN1CCN(C1=O)C,C1COC(=O)O1,COCCOCCOCCOCCOC
166.30,96.55,2,51.23,13.56644463,2.085321376,1.978407755,2.504073824,0,22.16735279,35.94450395,21.75389568,[Li+].[Cl-]  ,[Li+].[N+](=O)([O-])[O-],[Li+].[B-]12(OC(=O)C(=O)O1)OC(=O)C(=O)O2  ,[Li+].C(F)(F)(F)S(=O)(=O)[N-]S(=O)(=O)C(F)(F)F,C1COCO1,CN1CCN(C1=O)C,C1COC(=O)O1,COCCOCCOCCOCCOC
100.38,95.53,2,51.23,2.040885569,9.139999217,6.075305137,11.15086435,4.079824342,15.33347476,7.666243277,44.51340335,[Li+].[Cl-]  ,[Li+].[N+](=O)([O-])[O-],[Li+].[B-]12(OC(=O)C(=O)O1)OC(=O)C(=O)O2  ,[Li+].C(F)(F)(F)S(=O)(=O)[N-]S(=O)(=O)C(F)(F)F,C1COCO1,CN1CCN(C1=O)C,C1COC(=O)O1,COCCOCCOCCOCCOC
98.56,85.71,2,51.11,10.77852808,2.272720506,5.424939368,3.662055646,31.52997346,6.163002391,8.069504325,32.09927622,[Li+].[Cl-]  ,[Li+].[N+](=O)([O-])[O-],[Li+].[B-]12(OC(=O)C(=O)O1)OC(=O)C(=O)O2  ,[Li+].C(F)(F)(F)S(=O)(=O)[N-]S(=O)(=O)C(F)(F)F,C1COCO1,CN1CCN(C1=O)C,C1COC(=O)O1,COCCOCCOCCOCCOC
88.64,95.73,2,50.71,6.544201101,7.676734467,1.134836165,0.766060762,4.605275954,21.85800142,15.12566855,42.28922158,[Li+].[Cl-]  ,[Li+].[N+](=O)([O-])[O-],[Li+].[B-]12(OC(=O)C(=O)O1)OC(=O)C(=O)O2  ,[Li+].C(F)(F)(F)S(=O)(=O)[N-]S(=O)(=O)C(F)(F)F,C1COCO1,CN1CCN(C1=O)C,C1COC(=O)O1,COCCOCCOCCOCCOC
124.82,44.95,2,50.65,14.00509496,1.045504123,4.004374886,2.7031166,35.34790324,5.541708897,11.95615772,25.39613958,[Li+].[Cl-]  ,[Li+].[N+](=O)([O-])[O-],[Li+].[B-]12(OC(=O)C(=O)O1)OC(=O)C(=O)O2  ,[Li+].C(F)(F)(F)S(=O)(=O)[N-]S(=O)(=O)C(F)(F)F,C1COCO1,CN1CCN(C1=O)C,C1COC(=O)O1,COCCOCCOCCOCCOC
163.30,79.03,2,50.5,12.19012963,1.873765647,1.777698406,2.250035684,0,39.83695234,32.29793616,9.773482127,[Li+].[Cl-]  ,[Li+].[N+](=O)([O-])[O-],[Li+].[B-]12(OC(=O)C(=O)O1)OC(=O)C(=O)O2  ,[Li+].C(F)(F)(F)S(=O)(=O)[N-]S(=O)(=O)C(F)(F)F,C1COCO1,CN1CCN(C1=O)C,C1COC(=O)O1,COCCOCCOCCOCCOC
92.00,95.56,2,50.28,6.544201101,7.676734467,1.134836165,0.766060762,4.605275954,21.85800142,15.12566855,42.28922158,[Li+].[Cl-]  ,[Li+].[N+](=O)([O-])[O-],[Li+].[B-]12(OC(=O)C(=O)O1)OC(=O)C(=O)O2  ,[Li+].C(F)(F)(F)S(=O)(=O)[N-]S(=O)(=O)C(F)(F)F,C1COCO1,CN1CCN(C1=O)C,C1COC(=O)O1,COCCOCCOCCOCCOC
168.31,61.38,2,50.11,12.19012963,1.873765647,1.777698406,2.250035684,0,39.83695234,32.29793616,9.773482127,[Li+].[Cl-]  ,[Li+].[N+](=O)([O-])[O-],[Li+].[B-]12(OC(=O)C(=O)O1)OC(=O)C(=O)O2  ,[Li+].C(F)(F)(F)S(=O)(=O)[N-]S(=O)(=O)C(F)(F)F,C1COCO1,CN1CCN(C1=O)C,C1COC(=O)O1,COCCOCCOCCOCCOC
168.96,68.28,2,49.96,11.13694496,1.711878833,1.624111466,2.055640451,0,29.11614292,47.21201147,7.143269897,[Li+].[Cl-]  ,[Li+].[N+](=O)([O-])[O-],[Li+].[B-]12(OC(=O)C(=O)O1)OC(=O)C(=O)O2  ,[Li+].C(F)(F)(F)S(=O)(=O)[N-]S(=O)(=O)C(F)(F)F,C1COCO1,CN1CCN(C1=O)C,C1COC(=O)O1,COCCOCCOCCOCCOC
89.94,93.13,1,49.65,1.992127921,2.968468584,0.999709747,7.949326971,19.99605146,10.19178614,20.11520727,35.78732192,[Li+].[Cl-]  ,[Li+].[N+](=O)([O-])[O-],[Li+].[B-]12(OC(=O)C(=O)O1)OC(=O)C(=O)O2  ,[Li+].C(F)(F)(F)S(=O)(=O)[N-]S(=O)(=O)C(F)(F)F,C1COCO1,CN1CCN(C1=O)C,C1COC(=O)O1,COCCOCCOCCOCCOC
173.81,89.49,2,49.36,13.331709,2.049239761,1.94417603,2.460746676,0,34.85407766,28.25805462,17.10199626,[Li+].[Cl-]  ,[Li+].[N+](=O)([O-])[O-],[Li+].[B-]12(OC(=O)C(=O)O1)OC(=O)C(=O)O2  ,[Li+].C(F)(F)(F)S(=O)(=O)[N-]S(=O)(=O)C(F)(F)F,C1COCO1,CN1CCN(C1=O)C,C1COC(=O)O1,COCCOCCOCCOCCOC
8.45,93.00,1,49.29,13.331709,2.049239761,1.94417603,2.460746676,0,34.85407766,28.25805462,17.10199626,[Li+].[Cl-]  ,[Li+].[N+](=O)([O-])[O-],[Li+].[B-]12(OC(=O)C(=O)O1)OC(=O)C(=O)O2  ,[Li+].C(F)(F)(F)S(=O)(=O)[N-]S(=O)(=O)C(F)(F)F,C1COCO1,CN1CCN(C1=O)C,C1COC(=O)O1,COCCOCCOCCOCCOC
71.45,90.70,1,48.95,4.020236432,0.997404941,2.005677533,4.988653287,20.12590338,10.03160962,19.94050995,37.89000485,[Li+].[Cl-]  ,[Li+].[N+](=O)([O-])[O-],[Li+].[B-]12(OC(=O)C(=O)O1)OC(=O)C(=O)O2  ,[Li+].C(F)(F)(F)S(=O)(=O)[N-]S(=O)(=O)C(F)(F)F,C1COCO1,CN1CCN(C1=O)C,C1COC(=O)O1,COCCOCCOCCOCCOC
179.13,89.60,2,48.94,13.331709,2.049239761,1.94417603,2.460746676,0,34.85407766,28.25805462,17.10199626,[Li+].[Cl-]  ,[Li+].[N+](=O)([O-])[O-],[Li+].[B-]12(OC(=O)C(=O)O1)OC(=O)C(=O)O2  ,[Li+].C(F)(F)(F)S(=O)(=O)[N-]S(=O)(=O)C(F)(F)F,C1COCO1,CN1CCN(C1=O)C,C1COC(=O)O1,COCCOCCOCCOCCOC
0.21,103.29,1,48.92,15.73416422,2.418525257,2.294528401,2.904188225,0,51.41874361,0,25.22985028,[Li+].[Cl-]  ,[Li+].[N+](=O)([O-])[O-],[Li+].[B-]12(OC(=O)C(=O)O1)OC(=O)C(=O)O2  ,[Li+].C(F)(F)(F)S(=O)(=O)[N-]S(=O)(=O)C(F)(F)F,C1COCO1,CN1CCN(C1=O)C,C1COC(=O)O1,COCCOCCOCCOCCOC
159.45,88.92,2,48.8,6.493388079,1.901852803,1.886204733,2.394702226,0,28.11586669,45.45355999,13.75442548,[Li+].[Cl-]  ,[Li+].[N+](=O)([O-])[O-],[Li+].[B-]12(OC(=O)C(=O)O1)OC(=O)C(=O)O2  ,[Li+].C(F)(F)(F)S(=O)(=O)[N-]S(=O)(=O)C(F)(F)F,C1COCO1,CN1CCN(C1=O)C,C1COC(=O)O1,COCCOCCOCCOCCOC
59.27,94.90,1,48.53,1.984686789,2.971736773,0.990867995,9.912471937,20.06833265,14.42851001,19.9164368,29.72695705,[Li+].[Cl-]  ,[Li+].[N+](=O)([O-])[O-],[Li+].[B-]12(OC(=O)C(=O)O1)OC(=O)C(=O)O2  ,[Li+].C(F)(F)(F)S(=O)(=O)[N-]S(=O)(=O)C(F)(F)F,C1COCO1,CN1CCN(C1=O)C,C1COC(=O)O1,COCCOCCOCCOCCOC
108.40,95.88,2,48.44,2.040885569,9.139999217,6.075305137,11.15086435,4.079824342,15.33347476,7.666243277,44.51340335,[Li+].[Cl-]  ,[Li+].[N+](=O)([O-])[O-],[Li+].[B-]12(OC(=O)C(=O)O1)OC(=O)C(=O)O2  ,[Li+].C(F)(F)(F)S(=O)(=O)[N-]S(=O)(=O)C(F)(F)F,C1COCO1,CN1CCN(C1=O)C,C1COC(=O)O1,COCCOCCOCCOCCOC
143.47,94.80,2,48.12,15.73416422,2.418525257,2.294528401,2.904188225,0,51.41874361,0,25.22985028,[Li+].[Cl-]  ,[Li+].[N+](=O)([O-])[O-],[Li+].[B-]12(OC(=O)C(=O)O1)OC(=O)C(=O)O2  ,[Li+].C(F)(F)(F)S(=O)(=O)[N-]S(=O)(=O)C(F)(F)F,C1COCO1,CN1CCN(C1=O)C,C1COC(=O)O1,COCCOCCOCCOCCOC
102.70,96.12,2,48.08,1.022533634,12.23774908,3.108700775,10.09044475,4.146877117,29.96650627,19.46671083,19.96047755,[Li+].[Cl-]  ,[Li+].[N+](=O)([O-])[O-],[Li+].[B-]12(OC(=O)C(=O)O1)OC(=O)C(=O)O2  ,[Li+].C(F)(F)(F)S(=O)(=O)[N-]S(=O)(=O)C(F)(F)F,C1COCO1,CN1CCN(C1=O)C,C1COC(=O)O1,COCCOCCOCCOCCOC
175.32,97.49,2,47.79,6.016370434,1.839806429,1.761695741,2.254116631,24.08774285,31.14662251,25.25222354,7.64142186,[Li+].[Cl-]  ,[Li+].[N+](=O)([O-])[O-],[Li+].[B-]12(OC(=O)C(=O)O1)OC(=O)C(=O)O2  ,[Li+].C(F)(F)(F)S(=O)(=O)[N-]S(=O)(=O)C(F)(F)F,C1COCO1,CN1CCN(C1=O)C,C1COC(=O)O1,COCCOCCOCCOCCOC
191.29,87.95,2,47.56,12.02886115,1.848976793,1.754180467,2.220268991,0,15.72397285,50.99304453,15.43069523,[Li+].[Cl-]  ,[Li+].[N+](=O)([O-])[O-],[Li+].[B-]12(OC(=O)C(=O)O1)OC(=O)C(=O)O2  ,[Li+].C(F)(F)(F)S(=O)(=O)[N-]S(=O)(=O)C(F)(F)F,C1COCO1,CN1CCN(C1=O)C,C1COC(=O)O1,COCCOCCOCCOCCOC
15.23,89.22,1,47.37,1.98313624,8.818839205,5.866442692,12.63618928,4.987859423,14.75483941,6.893195118,44.05949863,[Li+].[Cl-]  ,[Li+].[N+](=O)([O-])[O-],[Li+].[B-]12(OC(=O)C(=O)O1)OC(=O)C(=O)O2  ,[Li+].C(F)(F)(F)S(=O)(=O)[N-]S(=O)(=O)C(F)(F)F,C1COCO1,CN1CCN(C1=O)C,C1COC(=O)O1,COCCOCCOCCOCCOC
17.67,87.87,1,47.33,1.98313624,8.818839205,5.866442692,12.63618928,4.987859423,14.75483941,6.893195118,44.05949863,[Li+].[Cl-]  ,[Li+].[N+](=O)([O-])[O-],[Li+].[B-]12(OC(=O)C(=O)O1)OC(=O)C(=O)O2  ,[Li+].C(F)(F)(F)S(=O)(=O)[N-]S(=O)(=O)C(F)(F)F,C1COCO1,CN1CCN(C1=O)C,C1COC(=O)O1,COCCOCCOCCOCCOC
182.14,18.10,2,47.16,10.8472933,1.66735598,1.581871284,2.002176985,0,17.72430315,57.48014124,8.696858063,[Li+].[Cl-]  ,[Li+].[N+](=O)([O-])[O-],[Li+].[B-]12(OC(=O)C(=O)O1)OC(=O)C(=O)O2  ,[Li+].C(F)(F)(F)S(=O)(=O)[N-]S(=O)(=O)C(F)(F)F,C1COCO1,CN1CCN(C1=O)C,C1COC(=O)O1,COCCOCCOCCOCCOC
180.80,94.11,2,46.9,6.453560234,1.8783044,1.883511042,2.389672995,0,28.13875865,45.49056833,13.76562435,[Li+].[Cl-]  ,[Li+].[N+](=O)([O-])[O-],[Li+].[B-]12(OC(=O)C(=O)O1)OC(=O)C(=O)O2  ,[Li+].C(F)(F)(F)S(=O)(=O)[N-]S(=O)(=O)C(F)(F)F,C1COCO1,CN1CCN(C1=O)C,C1COC(=O)O1,COCCOCCOCCOCCOC
81.07,93.87,1,46.38,1.992127921,2.968468584,0.999709747,7.949326971,19.99605146,10.19178614,20.11520727,35.78732192,[Li+].[Cl-]  ,[Li+].[N+](=O)([O-])[O-],[Li+].[B-]12(OC(=O)C(=O)O1)OC(=O)C(=O)O2  ,[Li+].C(F)(F)(F)S(=O)(=O)[N-]S(=O)(=O)C(F)(F)F,C1COCO1,CN1CCN(C1=O)C,C1COC(=O)O1,COCCOCCOCCOCCOC
103.56,97.01,2,46.33,1.035133733,7.095764697,3.158367212,12.07783584,4.373748019,25.41713965,25.0709285,21.77108235,[Li+].[Cl-]  ,[Li+].[N+](=O)([O-])[O-],[Li+].[B-]12(OC(=O)C(=O)O1)OC(=O)C(=O)O2  ,[Li+].C(F)(F)(F)S(=O)(=O)[N-]S(=O)(=O)C(F)(F)F,C1COCO1,CN1CCN(C1=O)C,C1COC(=O)O1,COCCOCCOCCOCCOC
166.66,96.08,2,46.31,15.73416422,2.418525257,2.294528401,2.904188225,0,51.41874361,0,25.22985028,[Li+].[Cl-]  ,[Li+].[N+](=O)([O-])[O-],[Li+].[B-]12(OC(=O)C(=O)O1)OC(=O)C(=O)O2  ,[Li+].C(F)(F)(F)S(=O)(=O)[N-]S(=O)(=O)C(F)(F)F,C1COCO1,CN1CCN(C1=O)C,C1COC(=O)O1,COCCOCCOCCOCCOC
173.32,98.83,2,46.25,6.016370434,1.839806429,1.761695741,2.254116631,24.08774285,31.14662251,25.25222354,7.64142186,[Li+].[Cl-]  ,[Li+].[N+](=O)([O-])[O-],[Li+].[B-]12(OC(=O)C(=O)O1)OC(=O)C(=O)O2  ,[Li+].C(F)(F)(F)S(=O)(=O)[N-]S(=O)(=O)C(F)(F)F,C1COCO1,CN1CCN(C1=O)C,C1COC(=O)O1,COCCOCCOCCOCCOC
192.04,91.44,2,46.23,12.02886115,1.848976793,1.754180467,2.220268991,0,15.72397285,50.99304453,15.43069523,[Li+].[Cl-]  ,[Li+].[N+](=O)([O-])[O-],[Li+].[B-]12(OC(=O)C(=O)O1)OC(=O)C(=O)O2  ,[Li+].C(F)(F)(F)S(=O)(=O)[N-]S(=O)(=O)C(F)(F)F,C1COCO1,CN1CCN(C1=O)C,C1COC(=O)O1,COCCOCCOCCOCCOC
201.94,96.85,2,46.22,5.535895224,1.716496248,1.615811267,2.03090932,44.41608106,14.35803801,23.28165022,7.045118648,[Li+].[Cl-]  ,[Li+].[N+](=O)([O-])[O-],[Li+].[B-]12(OC(=O)C(=O)O1)OC(=O)C(=O)O2  ,[Li+].C(F)(F)(F)S(=O)(=O)[N-]S(=O)(=O)C(F)(F)F,C1COCO1,CN1CCN(C1=O)C,C1COC(=O)O1,COCCOCCOCCOCCOC
164.31,82.50,2,45.84,12.16847873,1.798843433,1.771747639,2.235990832,0,26.40976324,42.69538517,12.91979097,[Li+].[Cl-]  ,[Li+].[N+](=O)([O-])[O-],[Li+].[B-]12(OC(=O)C(=O)O1)OC(=O)C(=O)O2  ,[Li+].C(F)(F)(F)S(=O)(=O)[N-]S(=O)(=O)C(F)(F)F,C1COCO1,CN1CCN(C1=O)C,C1COC(=O)O1,COCCOCCOCCOCCOC
111.31,96.90,2,45.82,1.035133733,7.095764697,3.158367212,12.07783584,4.373748019,25.41713965,25.0709285,21.77108235,[Li+].[Cl-]  ,[Li+].[N+](=O)([O-])[O-],[Li+].[B-]12(OC(=O)C(=O)O1)OC(=O)C(=O)O2  ,[Li+].C(F)(F)(F)S(=O)(=O)[N-]S(=O)(=O)C(F)(F)F,C1COCO1,CN1CCN(C1=O)C,C1COC(=O)O1,COCCOCCOCCOCCOC
0.19,0.01,2,45.28,10.8472933,1.66735598,1.581871284,2.002176985,0,17.72430315,57.48014124,8.696858063,[Li+].[Cl-]  ,[Li+].[N+](=O)([O-])[O-],[Li+].[B-]12(OC(=O)C(=O)O1)OC(=O)C(=O)O2  ,[Li+].C(F)(F)(F)S(=O)(=O)[N-]S(=O)(=O)C(F)(F)F,C1COCO1,CN1CCN(C1=O)C,C1COC(=O)O1,COCCOCCOCCOCCOC
0.24,89.56,1,45.11,13.331709,2.049239761,1.94417603,2.460746676,0,34.85407766,28.25805462,17.10199626,[Li+].[Cl-]  ,[Li+].[N+](=O)([O-])[O-],[Li+].[B-]12(OC(=O)C(=O)O1)OC(=O)C(=O)O2  ,[Li+].C(F)(F)(F)S(=O)(=O)[N-]S(=O)(=O)C(F)(F)F,C1COCO1,CN1CCN(C1=O)C,C1COC(=O)O1,COCCOCCOCCOCCOC
204.39,97.89,2,44.82,5.506746804,1.581454401,1.604654585,2.020809427,21.98930511,14.21662025,46.10468082,6.9757286,[Li+].[Cl-]  ,[Li+].[N+](=O)([O-])[O-],[Li+].[B-]12(OC(=O)C(=O)O1)OC(=O)C(=O)O2  ,[Li+].C(F)(F)(F)S(=O)(=O)[N-]S(=O)(=O)C(F)(F)F,C1COCO1,CN1CCN(C1=O)C,C1COC(=O)O1,COCCOCCOCCOCCOC
23.19,89.94,1,44.35,2.995168763,11.0059185,5.999821221,6.999785035,5.006794793,20.02990324,4.983758266,42.97885018,[Li+].[Cl-]  ,[Li+].[N+](=O)([O-])[O-],[Li+].[B-]12(OC(=O)C(=O)O1)OC(=O)C(=O)O2  ,[Li+].C(F)(F)(F)S(=O)(=O)[N-]S(=O)(=O)C(F)(F)F,C1COCO1,CN1CCN(C1=O)C,C1COC(=O)O1,COCCOCCOCCOCCOC
0.00,0.00,1,44.31,5.506746804,1.581454401,1.604654585,2.020809427,21.98930511,14.21662025,46.10468082,6.9757286,[Li+].[Cl-]  ,[Li+].[N+](=O)([O-])[O-],[Li+].[B-]12(OC(=O)C(=O)O1)OC(=O)C(=O)O2  ,[Li+].C(F)(F)(F)S(=O)(=O)[N-]S(=O)(=O)C(F)(F)F,C1COCO1,CN1CCN(C1=O)C,C1COC(=O)O1,COCCOCCOCCOCCOC
26.17,96.13,2,44.26,5.506746804,1.581454401,1.604654585,2.020809427,21.98930511,14.21662025,46.10468082,6.9757286,[Li+].[Cl-]  ,[Li+].[N+](=O)([O-])[O-],[Li+].[B-]12(OC(=O)C(=O)O1)OC(=O)C(=O)O2  ,[Li+].C(F)(F)(F)S(=O)(=O)[N-]S(=O)(=O)C(F)(F)F,C1COCO1,CN1CCN(C1=O)C,C1COC(=O)O1,COCCOCCOCCOCCOC
192.28,99.10,2,43.98,6.749306112,1.896024505,1.912420535,2.406274198,26.14216424,16.90154462,27.40596241,16.58630338,[Li+].[Cl-]  ,[Li+].[N+](=O)([O-])[O-],[Li+].[B-]12(OC(=O)C(=O)O1)OC(=O)C(=O)O2  ,[Li+].C(F)(F)(F)S(=O)(=O)[N-]S(=O)(=O)C(F)(F)F,C1COCO1,CN1CCN(C1=O)C,C1COC(=O)O1,COCCOCCOCCOCCOC
79.17,94.46,1,43.33,6.102922183,6.944026917,0.992293332,7.96555404,5.004229661,20.44953074,12.89902293,39.6424202,[Li+].[Cl-]  ,[Li+].[N+](=O)([O-])[O-],[Li+].[B-]12(OC(=O)C(=O)O1)OC(=O)C(=O)O2  ,[Li+].C(F)(F)(F)S(=O)(=O)[N-]S(=O)(=O)C(F)(F)F,C1COCO1,CN1CCN(C1=O)C,C1COC(=O)O1,COCCOCCOCCOCCOC
119.72,96.49,2,43.26,2.040885569,9.139999217,6.075305137,11.15086435,4.079824342,15.33347476,7.666243277,44.51340335,[Li+].[Cl-]  ,[Li+].[N+](=O)([O-])[O-],[Li+].[B-]12(OC(=O)C(=O)O1)OC(=O)C(=O)O2  ,[Li+].C(F)(F)(F)S(=O)(=O)[N-]S(=O)(=O)C(F)(F)F,C1COCO1,CN1CCN(C1=O)C,C1COC(=O)O1,COCCOCCOCCOCCOC
124.05,96.92,2,42.9,2.040885569,9.139999217,6.075305137,11.15086435,4.079824342,15.33347476,7.666243277,44.51340335,[Li+].[Cl-]  ,[Li+].[N+](=O)([O-])[O-],[Li+].[B-]12(OC(=O)C(=O)O1)OC(=O)C(=O)O2  ,[Li+].C(F)(F)(F)S(=O)(=O)[N-]S(=O)(=O)C(F)(F)F,C1COCO1,CN1CCN(C1=O)C,C1COC(=O)O1,COCCOCCOCCOCCOC
90.13,94.66,1,42.74,6.102922183,6.944026917,0.992293332,7.96555404,5.004229661,20.44953074,12.89902293,39.6424202,[Li+].[Cl-]  ,[Li+].[N+](=O)([O-])[O-],[Li+].[B-]12(OC(=O)C(=O)O1)OC(=O)C(=O)O2  ,[Li+].C(F)(F)(F)S(=O)(=O)[N-]S(=O)(=O)C(F)(F)F,C1COCO1,CN1CCN(C1=O)C,C1COC(=O)O1,COCCOCCOCCOCCOC
159.73,95.35,1,42.35,5.535895224,1.716496248,1.615811267,2.03090932,44.41608106,14.35803801,23.28165022,7.045118648,[Li+].[Cl-]  ,[Li+].[N+](=O)([O-])[O-],[Li+].[B-]12(OC(=O)C(=O)O1)OC(=O)C(=O)O2  ,[Li+].C(F)(F)(F)S(=O)(=O)[N-]S(=O)(=O)C(F)(F)F,C1COCO1,CN1CCN(C1=O)C,C1COC(=O)O1,COCCOCCOCCOCCOC
35.09,93.00,1,42.15,2.995168763,11.0059185,5.999821221,6.999785035,5.006794793,20.02990324,4.983758266,42.97885018,[Li+].[Cl-]  ,[Li+].[N+](=O)([O-])[O-],[Li+].[B-]12(OC(=O)C(=O)O1)OC(=O)C(=O)O2  ,[Li+].C(F)(F)(F)S(=O)(=O)[N-]S(=O)(=O)C(F)(F)F,C1COCO1,CN1CCN(C1=O)C,C1COC(=O)O1,COCCOCCOCCOCCOC
207.37,82.60,2,42.13,12.16847873,1.798843433,1.771747639,2.235990832,0,26.40976324,42.69538517,12.91979097,[Li+].[Cl-]  ,[Li+].[N+](=O)([O-])[O-],[Li+].[B-]12(OC(=O)C(=O)O1)OC(=O)C(=O)O2  ,[Li+].C(F)(F)(F)S(=O)(=O)[N-]S(=O)(=O)C(F)(F)F,C1COCO1,CN1CCN(C1=O)C,C1COC(=O)O1,COCCOCCOCCOCCOC
109.87,96.45,2,41.86,3.16746161,11.32754564,6.223253299,4.200950155,4.753065383,20.64879765,5.877262263,43.801664,[Li+].[Cl-]  ,[Li+].[N+](=O)([O-])[O-],[Li+].[B-]12(OC(=O)C(=O)O1)OC(=O)C(=O)O2  ,[Li+].C(F)(F)(F)S(=O)(=O)[N-]S(=O)(=O)C(F)(F)F,C1COCO1,CN1CCN(C1=O)C,C1COC(=O)O1,COCCOCCOCCOCCOC
202.25,98.92,2,41.17,6.749306112,1.896024505,1.912420535,2.406274198,26.14216424,16.90154462,27.40596241,16.58630338,[Li+].[Cl-]  ,[Li+].[N+](=O)([O-])[O-],[Li+].[B-]12(OC(=O)C(=O)O1)OC(=O)C(=O)O2  ,[Li+].C(F)(F)(F)S(=O)(=O)[N-]S(=O)(=O)C(F)(F)F,C1COCO1,CN1CCN(C1=O)C,C1COC(=O)O1,COCCOCCOCCOCCOC
144.14,93.88,1,40.87,1.992127921,2.968468584,0.999709747,7.949326971,19.99605146,10.19178614,20.11520727,35.78732192,[Li+].[Cl-]  ,[Li+].[N+](=O)([O-])[O-],[Li+].[B-]12(OC(=O)C(=O)O1)OC(=O)C(=O)O2  ,[Li+].C(F)(F)(F)S(=O)(=O)[N-]S(=O)(=O)C(F)(F)F,C1COCO1,CN1CCN(C1=O)C,C1COC(=O)O1,COCCOCCOCCOCCOC
212.61,94.08,1,40.77,5.535895224,1.716496248,1.615811267,2.03090932,44.41608106,14.35803801,23.28165022,7.045118648,[Li+].[Cl-]  ,[Li+].[N+](=O)([O-])[O-],[Li+].[B-]12(OC(=O)C(=O)O1)OC(=O)C(=O)O2  ,[Li+].C(F)(F)(F)S(=O)(=O)[N-]S(=O)(=O)C(F)(F)F,C1COCO1,CN1CCN(C1=O)C,C1COC(=O)O1,COCCOCCOCCOCCOC
75.93,93.52,1,40.73,6.749306112,1.896024505,1.912420535,2.406274198,26.14216424,16.90154462,27.40596241,16.58630338,[Li+].[Cl-]  ,[Li+].[N+](=O)([O-])[O-],[Li+].[B-]12(OC(=O)C(=O)O1)OC(=O)C(=O)O2  ,[Li+].C(F)(F)(F)S(=O)(=O)[N-]S(=O)(=O)C(F)(F)F,C1COCO1,CN1CCN(C1=O)C,C1COC(=O)O1,COCCOCCOCCOCCOC
169.79,95.10,1,40.53,6.016370434,1.839806429,1.761695741,2.254116631,24.08774285,31.14662251,25.25222354,7.64142186,[Li+].[Cl-]  ,[Li+].[N+](=O)([O-])[O-],[Li+].[B-]12(OC(=O)C(=O)O1)OC(=O)C(=O)O2  ,[Li+].C(F)(F)(F)S(=O)(=O)[N-]S(=O)(=O)C(F)(F)F,C1COCO1,CN1CCN(C1=O)C,C1COC(=O)O1,COCCOCCOCCOCCOC
176.81,96.49,1,40.1,6.016370434,1.839806429,1.761695741,2.254116631,24.08774285,31.14662251,25.25222354,7.64142186,[Li+].[Cl-]  ,[Li+].[N+](=O)([O-])[O-],[Li+].[B-]12(OC(=O)C(=O)O1)OC(=O)C(=O)O2  ,[Li+].C(F)(F)(F)S(=O)(=O)[N-]S(=O)(=O)C(F)(F)F,C1COCO1,CN1CCN(C1=O)C,C1COC(=O)O1,COCCOCCOCCOCCOC
0.00,0.00,1,39.36,5.506746804,1.581454401,1.604654585,2.020809427,21.98930511,14.21662025,46.10468082,6.9757286,[Li+].[Cl-]  ,[Li+].[N+](=O)([O-])[O-],[Li+].[B-]12(OC(=O)C(=O)O1)OC(=O)C(=O)O2  ,[Li+].C(F)(F)(F)S(=O)(=O)[N-]S(=O)(=O)C(F)(F)F,C1COCO1,CN1CCN(C1=O)C,C1COC(=O)O1,COCCOCCOCCOCCOC
182.41,97.93,1,39,6.749306112,1.896024505,1.912420535,2.406274198,26.14216424,16.90154462,27.40596241,16.58630338,[Li+].[Cl-]  ,[Li+].[N+](=O)([O-])[O-],[Li+].[B-]12(OC(=O)C(=O)O1)OC(=O)C(=O)O2  ,[Li+].C(F)(F)(F)S(=O)(=O)[N-]S(=O)(=O)C(F)(F)F,C1COCO1,CN1CCN(C1=O)C,C1COC(=O)O1,COCCOCCOCCOCCOC
104.03,92.72,1,38.94,4.020236432,0.997404941,2.005677533,4.988653287,20.12590338,10.03160962,19.94050995,37.89000485,[Li+].[Cl-]  ,[Li+].[N+](=O)([O-])[O-],[Li+].[B-]12(OC(=O)C(=O)O1)OC(=O)C(=O)O2  ,[Li+].C(F)(F)(F)S(=O)(=O)[N-]S(=O)(=O)C(F)(F)F,C1COCO1,CN1CCN(C1=O)C,C1COC(=O)O1,COCCOCCOCCOCCOC
131.07,90.82,1,38.39,4.020236432,0.997404941,2.005677533,4.988653287,20.12590338,10.03160962,19.94050995,37.89000485,[Li+].[Cl-]  ,[Li+].[N+](=O)([O-])[O-],[Li+].[B-]12(OC(=O)C(=O)O1)OC(=O)C(=O)O2  ,[Li+].C(F)(F)(F)S(=O)(=O)[N-]S(=O)(=O)C(F)(F)F,C1COCO1,CN1CCN(C1=O)C,C1COC(=O)O1,COCCOCCOCCOCCOC
153.99,96.99,1,37.5,5.393500474,1.690599877,1.619345815,1.988445637,26.72781608,34.56036554,28.01992658,0,[Li+].[Cl-]  ,[Li+].[N+](=O)([O-])[O-],[Li+].[B-]12(OC(=O)C(=O)O1)OC(=O)C(=O)O2  ,[Li+].C(F)(F)(F)S(=O)(=O)[N-]S(=O)(=O)C(F)(F)F,C1COCO1,CN1CCN(C1=O)C,C1COC(=O)O1,COCCOCCOCCOCCOC
134.75,94.60,1,37.27,1.992127921,2.968468584,0.999709747,7.949326971,19.99605146,10.19178614,20.11520727,35.78732192,[Li+].[Cl-]  ,[Li+].[N+](=O)([O-])[O-],[Li+].[B-]12(OC(=O)C(=O)O1)OC(=O)C(=O)O2  ,[Li+].C(F)(F)(F)S(=O)(=O)[N-]S(=O)(=O)C(F)(F)F,C1COCO1,CN1CCN(C1=O)C,C1COC(=O)O1,COCCOCCOCCOCCOC
185.08,95.12,1,36.63,6.04903035,1.806142258,1.712132879,2.16027169,29.30593658,18.94700034,30.7226819,9.296804011,[Li+].[Cl-]  ,[Li+].[N+](=O)([O-])[O-],[Li+].[B-]12(OC(=O)C(=O)O1)OC(=O)C(=O)O2  ,[Li+].C(F)(F)(F)S(=O)(=O)[N-]S(=O)(=O)C(F)(F)F,C1COCO1,CN1CCN(C1=O)C,C1COC(=O)O1,COCCOCCOCCOCCOC
167.15,95.37,1,36.11,5.393500474,1.690599877,1.619345815,1.988445637,26.72781608,34.56036554,28.01992658,0,[Li+].[Cl-]  ,[Li+].[N+](=O)([O-])[O-],[Li+].[B-]12(OC(=O)C(=O)O1)OC(=O)C(=O)O2  ,[Li+].C(F)(F)(F)S(=O)(=O)[N-]S(=O)(=O)C(F)(F)F,C1COCO1,CN1CCN(C1=O)C,C1COC(=O)O1,COCCOCCOCCOCCOC
0.00,0.00,1,35.4,5.046084488,1.444474777,1.516385837,1.837145646,33.51778539,21.60518255,35.03294131,0,[Li+].[Cl-]  ,[Li+].[N+](=O)([O-])[O-],[Li+].[B-]12(OC(=O)C(=O)O1)OC(=O)C(=O)O2  ,[Li+].C(F)(F)(F)S(=O)(=O)[N-]S(=O)(=O)C(F)(F)F,C1COCO1,CN1CCN(C1=O)C,C1COC(=O)O1,COCCOCCOCCOCCOC
140.71,92.58,1,33.65,6.111937992,1.775580046,1.752332442,2.190548092,29.99401743,58.175584,0,0,[Li+].[Cl-]  ,[Li+].[N+](=O)([O-])[O-],[Li+].[B-]12(OC(=O)C(=O)O1)OC(=O)C(=O)O2  ,[Li+].C(F)(F)(F)S(=O)(=O)[N-]S(=O)(=O)C(F)(F)F,C1COCO1,CN1CCN(C1=O)C,C1COC(=O)O1,COCCOCCOCCOCCOC
221.35,94.31,1,33.03,6.04903035,1.806142258,1.712132879,2.16027169,29.30593658,18.94700034,30.7226819,9.296804011,[Li+].[Cl-]  ,[Li+].[N+](=O)([O-])[O-],[Li+].[B-]12(OC(=O)C(=O)O1)OC(=O)C(=O)O2  ,[Li+].C(F)(F)(F)S(=O)(=O)[N-]S(=O)(=O)C(F)(F)F,C1COCO1,CN1CCN(C1=O)C,C1COC(=O)O1,COCCOCCOCCOCCOC
0.00,0.00,1,32.35,5.447289808,1.615771825,1.534200811,1.945373932,0,34.12441196,55.33295166,0,[Li+].[Cl-]  ,[Li+].[N+](=O)([O-])[O-],[Li+].[B-]12(OC(=O)C(=O)O1)OC(=O)C(=O)O2  ,[Li+].C(F)(F)(F)S(=O)(=O)[N-]S(=O)(=O)C(F)(F)F,C1COCO1,CN1CCN(C1=O)C,C1COC(=O)O1,COCCOCCOCCOCCOC
314.26,98.90,2,32,5.506746804,1.581454401,1.604654585,2.020809427,21.98930511,14.21662025,46.10468082,6.9757286,[Li+].[Cl-]  ,[Li+].[N+](=O)([O-])[O-],[Li+].[B-]12(OC(=O)C(=O)O1)OC(=O)C(=O)O2  ,[Li+].C(F)(F)(F)S(=O)(=O)[N-]S(=O)(=O)C(F)(F)F,C1COCO1,CN1CCN(C1=O)C,C1COC(=O)O1,COCCOCCOCCOCCOC